state_name,industry_name,YEAR,workers
California,Accommodation and Food Services,2007,9173
California,Accommodation and Food Services,2008,9493
California,Accommodation and Food Services,2009,9489
California,Accommodation and Food Services,2010,9792
California,Accommodation and Food Services,2011,9907
California,Accommodation and Food Services,2012,10352
California,Accommodation and Food Services,2013,10988
California,Accommodation and Food Services,2014,11368
California,Accommodation and Food Services,2015,12024
California,Accommodation and Food Services,2016,12040
California,Accommodation and Food Services,2017,12186
California,Accommodation and Food Services,2018,12346
California,Accommodation and Food Services,2019,12442
California,Accommodation and Food Services,2020,8787
California,Accommodation and Food Services,2021,10655
California,Accommodation and Food Services,2022,11878
California,Administrative and Support and Waste Management Services,2007,6606
California,Administrative and Support and Waste Management Services,2008,6610
California,Administrative and Support and Waste Management Services,2009,6836
California,Administrative and Support and Waste Management Services,2010,6873
California,Administrative and Support and Waste Management Services,2011,7189
California,Administrative and Support and Waste Management Services,2012,7161
California,Administrative and Support and Waste Management Services,2013,7189
California,Administrative and Support and Waste Management Services,2014,7392
California,Administrative and Support and Waste Management Services,2015,7652
California,Administrative and Support and Waste Management Services,2016,7532
California,Administrative and Support and Waste Management Services,2017,7426
California,Administrative and Support and Waste Management Services,2018,7654
California,Administrative and Support and Waste Management Services,2019,7727
California,Administrative and Support and Waste Management Services,2020,5646
California,Administrative and Support and Waste Management Services,2021,7387
California,Administrative and Support and Waste Management Services,2022,7606
California,"Agriculture, Forestry, Fishing, and Hunting",2007,2949
California,"Agriculture, Forestry, Fishing, and Hunting",2008,2961
California,"Agriculture, Forestry, Fishing, and Hunting",2009,3166
California,"Agriculture, Forestry, Fishing, and Hunting",2010,3299
California,"Agriculture, Forestry, Fishing, and Hunting",2011,3480
California,"Agriculture, Forestry, Fishing, and Hunting",2012,3530
California,"Agriculture, Forestry, Fishing, and Hunting",2013,3197
California,"Agriculture, Forestry, Fishing, and Hunting",2014,3346
California,"Agriculture, Forestry, Fishing, and Hunting",2015,3447
California,"Agriculture, Forestry, Fishing, and Hunting",2016,3297
California,"Agriculture, Forestry, Fishing, and Hunting",2017,3256
California,"Agriculture, Forestry, Fishing, and Hunting",2018,3251
California,"Agriculture, Forestry, Fishing, and Hunting",2019,3023
California,"Agriculture, Forestry, Fishing, and Hunting",2020,2233
California,"Agriculture, Forestry, Fishing, and Hunting",2021,3207
California,"Agriculture, Forestry, Fishing, and Hunting",2022,3288
California,"Arts, Entertainment, and Recreation",2007,2593
California,"Arts, Entertainment, and Recreation",2008,2754
California,"Arts, Entertainment, and Recreation",2009,2709
California,"Arts, Entertainment, and Recreation",2010,2744
California,"Arts, Entertainment, and Recreation",2011,2792
California,"Arts, Entertainment, and Recreation",2012,2836
California,"Arts, Entertainment, and Recreation",2013,3017
California,"Arts, Entertainment, and Recreation",2014,3058
California,"Arts, Entertainment, and Recreation",2015,3118
California,"Arts, Entertainment, and Recreation",2016,3266
California,"Arts, Entertainment, and Recreation",2017,3356
California,"Arts, Entertainment, and Recreation",2018,4934
California,"Arts, Entertainment, and Recreation",2019,4930
California,"Arts, Entertainment, and Recreation",2020,3548
California,"Arts, Entertainment, and Recreation",2021,4007
California,"Arts, Entertainment, and Recreation",2022,4862
California,Construction,2007,11295
California,Construction,2008,10361
California,Construction,2009,9287
California,Construction,2010,8516
California,Construction,2011,8332
California,Construction,2012,8589
California,Construction,2013,8928
California,Construction,2014,9232
California,Construction,2015,9436
California,Construction,2016,9464
California,Construction,2017,10027
California,Construction,2018,10442
California,Construction,2019,10938
California,Construction,2020,8210
California,Construction,2021,10648
California,Construction,2022,10919
California,Educational Services,2007,14495
California,Educational Services,2008,15402
California,Educational Services,2009,14909
California,Educational Services,2010,14822
California,Educational Services,2011,14827
California,Educational Services,2012,14635
California,Educational Services,2013,15049
California,Educational Services,2014,15536
California,Educational Services,2015,16083
California,Educational Services,2016,16055
California,Educational Services,2017,16725
California,Educational Services,2018,16610
California,Educational Services,2019,17595
California,Educational Services,2020,13509
California,Educational Services,2021,16331
California,Educational Services,2022,17110
California,Finance and Insurance,2007,7679
California,Finance and Insurance,2008,7196
California,Finance and Insurance,2009,6741
California,Finance and Insurance,2010,6557
California,Finance and Insurance,2011,6391
California,Finance and Insurance,2012,6498
California,Finance and Insurance,2013,6683
California,Finance and Insurance,2014,6505
California,Finance and Insurance,2015,6581
California,Finance and Insurance,2016,6660
California,Finance and Insurance,2017,6906
California,Finance and Insurance,2018,6818
California,Finance and Insurance,2019,7050
California,Finance and Insurance,2020,5357
California,Finance and Insurance,2021,6816
California,Finance and Insurance,2022,6925
California,Health Care and Social Assistance,2007,17600
California,Health Care and Social Assistance,2008,18906
California,Health Care and Social Assistance,2009,19327
California,Health Care and Social Assistance,2010,19734
California,Health Care and Social Assistance,2011,20015
California,Health Care and Social Assistance,2012,20422
California,Health Care and Social Assistance,2013,20928
California,Health Care and Social Assistance,2014,21139
California,Health Care and Social Assistance,2015,21643
California,Health Care and Social Assistance,2016,21800
California,Health Care and Social Assistance,2017,22416
California,Health Care and Social Assistance,2018,22681
California,Health Care and Social Assistance,2019,22884
California,Health Care and Social Assistance,2020,18069
California,Health Care and Social Assistance,2021,23308
California,Health Care and Social Assistance,2022,24181
California,Information,2007,5109
California,Information,2008,5111
California,Information,2009,4548
California,Information,2010,4415
California,Information,2011,4274
California,Information,2012,4447
California,Information,2013,4858
California,Information,2014,5243
California,Information,2015,5165
California,Information,2016,5290
California,Information,2017,5417
California,Information,2018,5459
California,Information,2019,5579
California,Information,2020,4182
California,Information,2021,5369
California,Information,2022,5887
California,Management of Companies and Enterprises,2007,200
California,Management of Companies and Enterprises,2008,102
California,Management of Companies and Enterprises,2009,95
California,Management of Companies and Enterprises,2010,90
California,Management of Companies and Enterprises,2011,103
California,Management of Companies and Enterprises,2012,105
California,Management of Companies and Enterprises,2013,112
California,Management of Companies and Enterprises,2014,125
California,Management of Companies and Enterprises,2015,117
California,Management of Companies and Enterprises,2016,182
California,Management of Companies and Enterprises,2017,207
California,Management of Companies and Enterprises,2018,327
California,Management of Companies and Enterprises,2019,276
California,Management of Companies and Enterprises,2020,202
California,Management of Companies and Enterprises,2021,195
California,Management of Companies and Enterprises,2022,201
California,Manufacturing,2007,16522
California,Manufacturing,2008,17218
California,Manufacturing,2009,16241
California,Manufacturing,2010,16029
California,Manufacturing,2011,16034
California,Manufacturing,2012,16198
California,Manufacturing,2013,16590
California,Manufacturing,2014,16544
California,Manufacturing,2015,16491
California,Manufacturing,2016,16485
California,Manufacturing,2017,16539
California,Manufacturing,2018,16313
California,Manufacturing,2019,16261
California,Manufacturing,2020,12686
California,Manufacturing,2021,16284
California,Manufacturing,2022,16345
California,Military,2007,1309
California,Military,2008,1389
California,Military,2009,1444
California,Military,2010,1188
California,Military,2011,1576
California,Military,2012,1458
California,Military,2013,1458
California,Military,2014,1415
California,Military,2015,1355
California,Military,2016,1418
California,Military,2017,1422
California,Military,2018,1529
California,Military,2019,1487
California,Military,2020,1487
California,Military,2021,1526
California,Military,2022,2224
California,"Mining, Quarrying, and Oil and Gas Extraction",2007,233
California,"Mining, Quarrying, and Oil and Gas Extraction",2008,306
California,"Mining, Quarrying, and Oil and Gas Extraction",2009,271
California,"Mining, Quarrying, and Oil and Gas Extraction",2010,244
California,"Mining, Quarrying, and Oil and Gas Extraction",2011,304
California,"Mining, Quarrying, and Oil and Gas Extraction",2012,295
California,"Mining, Quarrying, and Oil and Gas Extraction",2013,314
California,"Mining, Quarrying, and Oil and Gas Extraction",2014,310
California,"Mining, Quarrying, and Oil and Gas Extraction",2015,294
California,"Mining, Quarrying, and Oil and Gas Extraction",2016,241
California,"Mining, Quarrying, and Oil and Gas Extraction",2017,208
California,"Mining, Quarrying, and Oil and Gas Extraction",2018,246
California,"Mining, Quarrying, and Oil and Gas Extraction",2019,228
California,"Mining, Quarrying, and Oil and Gas Extraction",2020,154
California,"Mining, Quarrying, and Oil and Gas Extraction",2021,160
California,"Mining, Quarrying, and Oil and Gas Extraction",2022,196
California,"Other Services, Except Public Administration",2007,7686
California,"Other Services, Except Public Administration",2008,7924
California,"Other Services, Except Public Administration",2009,8057
California,"Other Services, Except Public Administration",2010,8110
California,"Other Services, Except Public Administration",2011,8455
California,"Other Services, Except Public Administration",2012,8503
California,"Other Services, Except Public Administration",2013,8589
California,"Other Services, Except Public Administration",2014,8716
California,"Other Services, Except Public Administration",2015,8703
California,"Other Services, Except Public Administration",2016,9167
California,"Other Services, Except Public Administration",2017,8994
California,"Other Services, Except Public Administration",2018,9159
California,"Other Services, Except Public Administration",2019,8874
California,"Other Services, Except Public Administration",2020,6666
California,"Other Services, Except Public Administration",2021,7870
California,"Other Services, Except Public Administration",2022,8872
California,"Professional, Scientific, and Technical Services",2007,12709
California,"Professional, Scientific, and Technical Services",2008,12977
California,"Professional, Scientific, and Technical Services",2009,12667
California,"Professional, Scientific, and Technical Services",2010,12690
California,"Professional, Scientific, and Technical Services",2011,12382
California,"Professional, Scientific, and Technical Services",2012,12827
California,"Professional, Scientific, and Technical Services",2013,13731
California,"Professional, Scientific, and Technical Services",2014,13865
California,"Professional, Scientific, and Technical Services",2015,14945
California,"Professional, Scientific, and Technical Services",2016,15764
California,"Professional, Scientific, and Technical Services",2017,16582
California,"Professional, Scientific, and Technical Services",2018,16840
California,"Professional, Scientific, and Technical Services",2019,18160
California,"Professional, Scientific, and Technical Services",2020,14283
California,"Professional, Scientific, and Technical Services",2021,18044
California,"Professional, Scientific, and Technical Services",2022,19252
California,Public Administration,2007,7439
California,Public Administration,2008,7670
California,Public Administration,2009,7584
California,Public Administration,2010,7910
California,Public Administration,2011,7617
California,Public Administration,2012,7397
California,Public Administration,2013,7511
California,Public Administration,2014,7616
California,Public Administration,2015,7818
California,Public Administration,2016,7906
California,Public Administration,2017,7976
California,Public Administration,2018,8307
California,Public Administration,2019,8553
California,Public Administration,2020,6811
California,Public Administration,2021,8454
California,Public Administration,2022,8964
California,Real Estate and Rental and Leasing,2007,544
California,Real Estate and Rental and Leasing,2008,493
California,Real Estate and Rental and Leasing,2009,488
California,Real Estate and Rental and Leasing,2010,464
California,Real Estate and Rental and Leasing,2011,422
California,Real Estate and Rental and Leasing,2012,429
California,Real Estate and Rental and Leasing,2013,406
California,Real Estate and Rental and Leasing,2014,474
California,Real Estate and Rental and Leasing,2015,518
California,Real Estate and Rental and Leasing,2016,536
California,Real Estate and Rental and Leasing,2017,519
California,Real Estate and Rental and Leasing,2018,4214
California,Real Estate and Rental and Leasing,2019,4108
California,Real Estate and Rental and Leasing,2020,2864
California,Real Estate and Rental and Leasing,2021,3581
California,Real Estate and Rental and Leasing,2022,3882
California,Retail Trade,2007,16329
California,Retail Trade,2008,17026
California,Retail Trade,2009,16148
California,Retail Trade,2010,16654
California,Retail Trade,2011,16590
California,Retail Trade,2012,16809
California,Retail Trade,2013,17226
California,Retail Trade,2014,17012
California,Retail Trade,2015,17265
California,Retail Trade,2016,17654
California,Retail Trade,2017,17305
California,Retail Trade,2018,17745
California,Retail Trade,2019,17485
California,Retail Trade,2020,13086
California,Retail Trade,2021,17198
California,Retail Trade,2022,18118
California,Transportation and Warehousing,2007,6129
California,Transportation and Warehousing,2008,6265
California,Transportation and Warehousing,2009,5848
California,Transportation and Warehousing,2010,5734
California,Transportation and Warehousing,2011,5783
California,Transportation and Warehousing,2012,5813
California,Transportation and Warehousing,2013,5919
California,Transportation and Warehousing,2014,6278
California,Transportation and Warehousing,2015,6769
California,Transportation and Warehousing,2016,7070
California,Transportation and Warehousing,2017,7655
California,Transportation and Warehousing,2018,8046
California,Transportation and Warehousing,2019,8273
California,Transportation and Warehousing,2020,6345
California,Transportation and Warehousing,2021,8537
California,Transportation and Warehousing,2022,8763
California,Unknown,2007,4999
California,Unknown,2008,4810
California,Unknown,2009,4631
California,Unknown,2010,4437
California,Unknown,2011,4294
California,Unknown,2012,4416
California,Unknown,2013,4462
California,Unknown,2014,4676
California,Unknown,2015,4822
California,Unknown,2016,5014
California,Unknown,2017,5006
California,Utilities,2007,1276
California,Utilities,2008,1283
California,Utilities,2009,1368
California,Utilities,2010,1330
California,Utilities,2011,1258
California,Utilities,2012,1276
California,Utilities,2013,1400
California,Utilities,2014,1345
California,Utilities,2015,1346
California,Utilities,2016,1407
California,Utilities,2017,1403
California,Utilities,2018,1277
California,Utilities,2019,1395
California,Utilities,2020,1143
California,Utilities,2021,1403
California,Utilities,2022,1434
California,Wholesale Trade,2007,5409
California,Wholesale Trade,2008,5264
California,Wholesale Trade,2009,5194
California,Wholesale Trade,2010,5162
California,Wholesale Trade,2011,5040
California,Wholesale Trade,2012,4783
California,Wholesale Trade,2013,5107
California,Wholesale Trade,2014,5233
California,Wholesale Trade,2015,5057
California,Wholesale Trade,2016,5094
California,Wholesale Trade,2017,4832
California,Wholesale Trade,2018,4901
California,Wholesale Trade,2019,4971
California,Wholesale Trade,2020,3568
California,Wholesale Trade,2021,4475
California,Wholesale Trade,2022,4341
Michigan,Accommodation and Food Services,2007,2799
Michigan,Accommodation and Food Services,2008,2802
Michigan,Accommodation and Food Services,2009,2724
Michigan,Accommodation and Food Services,2010,2719
Michigan,Accommodation and Food Services,2011,2729
Michigan,Accommodation and Food Services,2012,2754
Michigan,Accommodation and Food Services,2013,2798
Michigan,Accommodation and Food Services,2014,2831
Michigan,Accommodation and Food Services,2015,2983
Michigan,Accommodation and Food Services,2016,2981
Michigan,Accommodation and Food Services,2017,2986
Michigan,Accommodation and Food Services,2018,2997
Michigan,Accommodation and Food Services,2019,3093
Michigan,Accommodation and Food Services,2020,2614
Michigan,Accommodation and Food Services,2021,2552
Michigan,Accommodation and Food Services,2022,2799
Michigan,Administrative and Support and Waste Management Services,2007,1403
Michigan,Administrative and Support and Waste Management Services,2008,1515
Michigan,Administrative and Support and Waste Management Services,2009,1407
Michigan,Administrative and Support and Waste Management Services,2010,1344
Michigan,Administrative and Support and Waste Management Services,2011,1445
Michigan,Administrative and Support and Waste Management Services,2012,1399
Michigan,Administrative and Support and Waste Management Services,2013,1625
Michigan,Administrative and Support and Waste Management Services,2014,1502
Michigan,Administrative and Support and Waste Management Services,2015,1597
Michigan,Administrative and Support and Waste Management Services,2016,1596
Michigan,Administrative and Support and Waste Management Services,2017,1530
Michigan,Administrative and Support and Waste Management Services,2018,1538
Michigan,Administrative and Support and Waste Management Services,2019,1594
Michigan,Administrative and Support and Waste Management Services,2020,1400
Michigan,Administrative and Support and Waste Management Services,2021,1481
Michigan,Administrative and Support and Waste Management Services,2022,1540
Michigan,"Agriculture, Forestry, Fishing, and Hunting",2007,735
Michigan,"Agriculture, Forestry, Fishing, and Hunting",2008,712
Michigan,"Agriculture, Forestry, Fishing, and Hunting",2009,779
Michigan,"Agriculture, Forestry, Fishing, and Hunting",2010,739
Michigan,"Agriculture, Forestry, Fishing, and Hunting",2011,708
Michigan,"Agriculture, Forestry, Fishing, and Hunting",2012,704
Michigan,"Agriculture, Forestry, Fishing, and Hunting",2013,697
Michigan,"Agriculture, Forestry, Fishing, and Hunting",2014,714
Michigan,"Agriculture, Forestry, Fishing, and Hunting",2015,688
Michigan,"Agriculture, Forestry, Fishing, and Hunting",2016,678
Michigan,"Agriculture, Forestry, Fishing, and Hunting",2017,671
Michigan,"Agriculture, Forestry, Fishing, and Hunting",2018,665
Michigan,"Agriculture, Forestry, Fishing, and Hunting",2019,757
Michigan,"Agriculture, Forestry, Fishing, and Hunting",2020,641
Michigan,"Agriculture, Forestry, Fishing, and Hunting",2021,678
Michigan,"Agriculture, Forestry, Fishing, and Hunting",2022,739
Michigan,"Arts, Entertainment, and Recreation",2007,685
Michigan,"Arts, Entertainment, and Recreation",2008,670
Michigan,"Arts, Entertainment, and Recreation",2009,689
Michigan,"Arts, Entertainment, and Recreation",2010,675
Michigan,"Arts, Entertainment, and Recreation",2011,662
Michigan,"Arts, Entertainment, and Recreation",2012,729
Michigan,"Arts, Entertainment, and Recreation",2013,664
Michigan,"Arts, Entertainment, and Recreation",2014,657
Michigan,"Arts, Entertainment, and Recreation",2015,674
Michigan,"Arts, Entertainment, and Recreation",2016,684
Michigan,"Arts, Entertainment, and Recreation",2017,750
Michigan,"Arts, Entertainment, and Recreation",2018,899
Michigan,"Arts, Entertainment, and Recreation",2019,894
Michigan,"Arts, Entertainment, and Recreation",2020,720
Michigan,"Arts, Entertainment, and Recreation",2021,745
Michigan,"Arts, Entertainment, and Recreation",2022,912
Michigan,Construction,2007,2703
Michigan,Construction,2008,2376
Michigan,Construction,2009,2128
Michigan,Construction,2010,2058
Michigan,Construction,2011,1958
Michigan,Construction,2012,2140
Michigan,Construction,2013,2109
Michigan,Construction,2014,2181
Michigan,Construction,2015,2340
Michigan,Construction,2016,2460
Michigan,Construction,2017,2443
Michigan,Construction,2018,2543
Michigan,Construction,2019,2728
Michigan,Construction,2020,2557
Michigan,Construction,2021,2613
Michigan,Construction,2022,2862
Michigan,Educational Services,2007,4116
Michigan,Educational Services,2008,4250
Michigan,Educational Services,2009,4174
Michigan,Educational Services,2010,4159
Michigan,Educational Services,2011,3993
Michigan,Educational Services,2012,3857
Michigan,Educational Services,2013,4053
Michigan,Educational Services,2014,3991
Michigan,Educational Services,2015,4005
Michigan,Educational Services,2016,3859
Michigan,Educational Services,2017,3995
Michigan,Educational Services,2018,4034
Michigan,Educational Services,2019,4170
Michigan,Educational Services,2020,4245
Michigan,Educational Services,2021,3953
Michigan,Educational Services,2022,4168
Michigan,Finance and Insurance,2007,1725
Michigan,Finance and Insurance,2008,1725
Michigan,Finance and Insurance,2009,1614
Michigan,Finance and Insurance,2010,1644
Michigan,Finance and Insurance,2011,1486
Michigan,Finance and Insurance,2012,1571
Michigan,Finance and Insurance,2013,1701
Michigan,Finance and Insurance,2014,1636
Michigan,Finance and Insurance,2015,1587
Michigan,Finance and Insurance,2016,1727
Michigan,Finance and Insurance,2017,1730
Michigan,Finance and Insurance,2018,1651
Michigan,Finance and Insurance,2019,1785
Michigan,Finance and Insurance,2020,1846
Michigan,Finance and Insurance,2021,1958
Michigan,Finance and Insurance,2022,1917
Michigan,Health Care and Social Assistance,2007,5991
Michigan,Health Care and Social Assistance,2008,6137
Michigan,Health Care and Social Assistance,2009,6077
Michigan,Health Care and Social Assistance,2010,6165
Michigan,Health Care and Social Assistance,2011,6223
Michigan,Health Care and Social Assistance,2012,6250
Michigan,Health Care and Social Assistance,2013,6364
Michigan,Health Care and Social Assistance,2014,6360
Michigan,Health Care and Social Assistance,2015,6306
Michigan,Health Care and Social Assistance,2016,6551
Michigan,Health Care and Social Assistance,2017,6658
Michigan,Health Care and Social Assistance,2018,6562
Michigan,Health Care and Social Assistance,2019,6629
Michigan,Health Care and Social Assistance,2020,6335
Michigan,Health Care and Social Assistance,2021,6145
Michigan,Health Care and Social Assistance,2022,6472
Michigan,Information,2007,809
Michigan,Information,2008,803
Michigan,Information,2009,745
Michigan,Information,2010,612
Michigan,Information,2011,662
Michigan,Information,2012,616
Michigan,Information,2013,664
Michigan,Information,2014,668
Michigan,Information,2015,668
Michigan,Information,2016,650
Michigan,Information,2017,601
Michigan,Information,2018,556
Michigan,Information,2019,572
Michigan,Information,2020,553
Michigan,Information,2021,476
Michigan,Information,2022,545
Michigan,Management of Companies and Enterprises,2007,54
Michigan,Management of Companies and Enterprises,2008,33
Michigan,Management of Companies and Enterprises,2009,22
Michigan,Management of Companies and Enterprises,2010,27
Michigan,Management of Companies and Enterprises,2011,23
Michigan,Management of Companies and Enterprises,2012,22
Michigan,Management of Companies and Enterprises,2013,24
Michigan,Management of Companies and Enterprises,2014,37
Michigan,Management of Companies and Enterprises,2015,25
Michigan,Management of Companies and Enterprises,2016,45
Michigan,Management of Companies and Enterprises,2017,56
Michigan,Management of Companies and Enterprises,2018,71
Michigan,Management of Companies and Enterprises,2019,70
Michigan,Management of Companies and Enterprises,2020,68
Michigan,Management of Companies and Enterprises,2021,57
Michigan,Management of Companies and Enterprises,2022,46
Michigan,Manufacturing,2007,8466
Michigan,Manufacturing,2008,8268
Michigan,Manufacturing,2009,6885
Michigan,Manufacturing,2010,6836
Michigan,Manufacturing,2011,6979
Michigan,Manufacturing,2012,7117
Michigan,Manufacturing,2013,7667
Michigan,Manufacturing,2014,7611
Michigan,Manufacturing,2015,7739
Michigan,Manufacturing,2016,8249
Michigan,Manufacturing,2017,8489
Michigan,Manufacturing,2018,8524
Michigan,Manufacturing,2019,8537
Michigan,Manufacturing,2020,7901
Michigan,Manufacturing,2021,7811
Michigan,Manufacturing,2022,8102
Michigan,Military,2007,47
Michigan,Military,2008,51
Michigan,Military,2009,71
Michigan,Military,2010,36
Michigan,Military,2011,37
Michigan,Military,2012,30
Michigan,Military,2013,49
Michigan,Military,2014,32
Michigan,Military,2015,42
Michigan,Military,2016,44
Michigan,Military,2017,38
Michigan,Military,2018,42
Michigan,Military,2019,42
Michigan,Military,2020,51
Michigan,Military,2021,47
Michigan,Military,2022,55
Michigan,"Mining, Quarrying, and Oil and Gas Extraction",2007,114
Michigan,"Mining, Quarrying, and Oil and Gas Extraction",2008,102
Michigan,"Mining, Quarrying, and Oil and Gas Extraction",2009,108
Michigan,"Mining, Quarrying, and Oil and Gas Extraction",2010,118
Michigan,"Mining, Quarrying, and Oil and Gas Extraction",2011,113
Michigan,"Mining, Quarrying, and Oil and Gas Extraction",2012,105
Michigan,"Mining, Quarrying, and Oil and Gas Extraction",2013,74
Michigan,"Mining, Quarrying, and Oil and Gas Extraction",2014,113
Michigan,"Mining, Quarrying, and Oil and Gas Extraction",2015,104
Michigan,"Mining, Quarrying, and Oil and Gas Extraction",2016,93
Michigan,"Mining, Quarrying, and Oil and Gas Extraction",2017,88
Michigan,"Mining, Quarrying, and Oil and Gas Extraction",2018,97
Michigan,"Mining, Quarrying, and Oil and Gas Extraction",2019,83
Michigan,"Mining, Quarrying, and Oil and Gas Extraction",2020,61
Michigan,"Mining, Quarrying, and Oil and Gas Extraction",2021,76
Michigan,"Mining, Quarrying, and Oil and Gas Extraction",2022,84
Michigan,"Other Services, Except Public Administration",2007,2110
Michigan,"Other Services, Except Public Administration",2008,2178
Michigan,"Other Services, Except Public Administration",2009,2069
Michigan,"Other Services, Except Public Administration",2010,2047
Michigan,"Other Services, Except Public Administration",2011,2008
Michigan,"Other Services, Except Public Administration",2012,1988
Michigan,"Other Services, Except Public Administration",2013,2055
Michigan,"Other Services, Except Public Administration",2014,1989
Michigan,"Other Services, Except Public Administration",2015,2004
Michigan,"Other Services, Except Public Administration",2016,2100
Michigan,"Other Services, Except Public Administration",2017,2111
Michigan,"Other Services, Except Public Administration",2018,2168
Michigan,"Other Services, Except Public Administration",2019,2155
Michigan,"Other Services, Except Public Administration",2020,1946
Michigan,"Other Services, Except Public Administration",2021,1948
Michigan,"Other Services, Except Public Administration",2022,2102
Michigan,"Professional, Scientific, and Technical Services",2007,2195
Michigan,"Professional, Scientific, and Technical Services",2008,2228
Michigan,"Professional, Scientific, and Technical Services",2009,2138
Michigan,"Professional, Scientific, and Technical Services",2010,2015
Michigan,"Professional, Scientific, and Technical Services",2011,2099
Michigan,"Professional, Scientific, and Technical Services",2012,2164
Michigan,"Professional, Scientific, and Technical Services",2013,2253
Michigan,"Professional, Scientific, and Technical Services",2014,2253
Michigan,"Professional, Scientific, and Technical Services",2015,2287
Michigan,"Professional, Scientific, and Technical Services",2016,2304
Michigan,"Professional, Scientific, and Technical Services",2017,2521
Michigan,"Professional, Scientific, and Technical Services",2018,2560
Michigan,"Professional, Scientific, and Technical Services",2019,2556
Michigan,"Professional, Scientific, and Technical Services",2020,2695
Michigan,"Professional, Scientific, and Technical Services",2021,2672
Michigan,"Professional, Scientific, and Technical Services",2022,2824
Michigan,Public Administration,2007,1660
Michigan,Public Administration,2008,1765
Michigan,Public Administration,2009,1884
Michigan,Public Administration,2010,1776
Michigan,Public Administration,2011,1615
Michigan,Public Administration,2012,1696
Michigan,Public Administration,2013,1675
Michigan,Public Administration,2014,1642
Michigan,Public Administration,2015,1588
Michigan,Public Administration,2016,1588
Michigan,Public Administration,2017,1625
Michigan,Public Administration,2018,1704
Michigan,Public Administration,2019,1675
Michigan,Public Administration,2020,1683
Michigan,Public Administration,2021,1707
Michigan,Public Administration,2022,1820
Michigan,Real Estate and Rental and Leasing,2007,141
Michigan,Real Estate and Rental and Leasing,2008,117
Michigan,Real Estate and Rental and Leasing,2009,105
Michigan,Real Estate and Rental and Leasing,2010,86
Michigan,Real Estate and Rental and Leasing,2011,84
Michigan,Real Estate and Rental and Leasing,2012,96
Michigan,Real Estate and Rental and Leasing,2013,90
Michigan,Real Estate and Rental and Leasing,2014,87
Michigan,Real Estate and Rental and Leasing,2015,87
Michigan,Real Estate and Rental and Leasing,2016,121
Michigan,Real Estate and Rental and Leasing,2017,87
Michigan,Real Estate and Rental and Leasing,2018,661
Michigan,Real Estate and Rental and Leasing,2019,699
Michigan,Real Estate and Rental and Leasing,2020,609
Michigan,Real Estate and Rental and Leasing,2021,596
Michigan,Real Estate and Rental and Leasing,2022,633
Michigan,Retail Trade,2007,5014
Michigan,Retail Trade,2008,5169
Michigan,Retail Trade,2009,4960
Michigan,Retail Trade,2010,4650
Michigan,Retail Trade,2011,4742
Michigan,Retail Trade,2012,4706
Michigan,Retail Trade,2013,4797
Michigan,Retail Trade,2014,4729
Michigan,Retail Trade,2015,4816
Michigan,Retail Trade,2016,4683
Michigan,Retail Trade,2017,4740
Michigan,Retail Trade,2018,4704
Michigan,Retail Trade,2019,4719
Michigan,Retail Trade,2020,4517
Michigan,Retail Trade,2021,4749
Michigan,Retail Trade,2022,4836
Michigan,Transportation and Warehousing,2007,1583
Michigan,Transportation and Warehousing,2008,1636
Michigan,Transportation and Warehousing,2009,1413
Michigan,Transportation and Warehousing,2010,1382
Michigan,Transportation and Warehousing,2011,1399
Michigan,Transportation and Warehousing,2012,1393
Michigan,Transportation and Warehousing,2013,1383
Michigan,Transportation and Warehousing,2014,1436
Michigan,Transportation and Warehousing,2015,1503
Michigan,Transportation and Warehousing,2016,1505
Michigan,Transportation and Warehousing,2017,1530
Michigan,Transportation and Warehousing,2018,1603
Michigan,Transportation and Warehousing,2019,1589
Michigan,Transportation and Warehousing,2020,1542
Michigan,Transportation and Warehousing,2021,1559
Michigan,Transportation and Warehousing,2022,1778
Michigan,Unknown,2007,696
Michigan,Unknown,2008,768
Michigan,Unknown,2009,644
Michigan,Unknown,2010,655
Michigan,Unknown,2011,617
Michigan,Unknown,2012,647
Michigan,Unknown,2013,676
Michigan,Unknown,2014,700
Michigan,Unknown,2015,709
Michigan,Unknown,2016,729
Michigan,Unknown,2017,750
Michigan,Utilities,2007,382
Michigan,Utilities,2008,390
Michigan,Utilities,2009,346
Michigan,Utilities,2010,364
Michigan,Utilities,2011,338
Michigan,Utilities,2012,360
Michigan,Utilities,2013,384
Michigan,Utilities,2014,349
Michigan,Utilities,2015,370
Michigan,Utilities,2016,400
Michigan,Utilities,2017,369
Michigan,Utilities,2018,425
Michigan,Utilities,2019,399
Michigan,Utilities,2020,396
Michigan,Utilities,2021,367
Michigan,Utilities,2022,451
Michigan,Wholesale Trade,2007,1302
Michigan,Wholesale Trade,2008,1244
Michigan,Wholesale Trade,2009,1060
Michigan,Wholesale Trade,2010,1102
Michigan,Wholesale Trade,2011,1004
Michigan,Wholesale Trade,2012,980
Michigan,Wholesale Trade,2013,967
Michigan,Wholesale Trade,2014,996
Michigan,Wholesale Trade,2015,1062
Michigan,Wholesale Trade,2016,1057
Michigan,Wholesale Trade,2017,1044
Michigan,Wholesale Trade,2018,1040
Michigan,Wholesale Trade,2019,1048
Michigan,Wholesale Trade,2020,937
Michigan,Wholesale Trade,2021,878
Michigan,Wholesale Trade,2022,834
New York,Accommodation and Food Services,2007,4650
New York,Accommodation and Food Services,2008,4634
New York,Accommodation and Food Services,2009,4782
New York,Accommodation and Food Services,2010,4867
New York,Accommodation and Food Services,2011,5181
New York,Accommodation and Food Services,2012,5314
New York,Accommodation and Food Services,2013,5699
New York,Accommodation and Food Services,2014,5551
New York,Accommodation and Food Services,2015,5771
New York,Accommodation and Food Services,2016,5780
New York,Accommodation and Food Services,2017,5588
New York,Accommodation and Food Services,2018,5751
New York,Accommodation and Food Services,2019,5725
New York,Accommodation and Food Services,2020,3968
New York,Accommodation and Food Services,2021,4652
New York,Accommodation and Food Services,2022,5283
New York,Administrative and Support and Waste Management Services,2007,2751
New York,Administrative and Support and Waste Management Services,2008,2930
New York,Administrative and Support and Waste Management Services,2009,2717
New York,Administrative and Support and Waste Management Services,2010,2786
New York,Administrative and Support and Waste Management Services,2011,2958
New York,Administrative and Support and Waste Management Services,2012,2991
New York,Administrative and Support and Waste Management Services,2013,3171
New York,Administrative and Support and Waste Management Services,2014,3107
New York,Administrative and Support and Waste Management Services,2015,3087
New York,Administrative and Support and Waste Management Services,2016,3065
New York,Administrative and Support and Waste Management Services,2017,3179
New York,Administrative and Support and Waste Management Services,2018,3091
New York,Administrative and Support and Waste Management Services,2019,3186
New York,Administrative and Support and Waste Management Services,2020,2406
New York,Administrative and Support and Waste Management Services,2021,2895
New York,Administrative and Support and Waste Management Services,2022,3156
New York,"Agriculture, Forestry, Fishing, and Hunting",2007,811
New York,"Agriculture, Forestry, Fishing, and Hunting",2008,719
New York,"Agriculture, Forestry, Fishing, and Hunting",2009,741
New York,"Agriculture, Forestry, Fishing, and Hunting",2010,742
New York,"Agriculture, Forestry, Fishing, and Hunting",2011,715
New York,"Agriculture, Forestry, Fishing, and Hunting",2012,692
New York,"Agriculture, Forestry, Fishing, and Hunting",2013,735
New York,"Agriculture, Forestry, Fishing, and Hunting",2014,706
New York,"Agriculture, Forestry, Fishing, and Hunting",2015,721
New York,"Agriculture, Forestry, Fishing, and Hunting",2016,761
New York,"Agriculture, Forestry, Fishing, and Hunting",2017,715
New York,"Agriculture, Forestry, Fishing, and Hunting",2018,684
New York,"Agriculture, Forestry, Fishing, and Hunting",2019,696
New York,"Agriculture, Forestry, Fishing, and Hunting",2020,521
New York,"Agriculture, Forestry, Fishing, and Hunting",2021,722
New York,"Agriculture, Forestry, Fishing, and Hunting",2022,760
New York,"Arts, Entertainment, and Recreation",2007,1213
New York,"Arts, Entertainment, and Recreation",2008,1294
New York,"Arts, Entertainment, and Recreation",2009,1233
New York,"Arts, Entertainment, and Recreation",2010,1193
New York,"Arts, Entertainment, and Recreation",2011,1292
New York,"Arts, Entertainment, and Recreation",2012,1256
New York,"Arts, Entertainment, and Recreation",2013,1337
New York,"Arts, Entertainment, and Recreation",2014,1407
New York,"Arts, Entertainment, and Recreation",2015,1436
New York,"Arts, Entertainment, and Recreation",2016,1382
New York,"Arts, Entertainment, and Recreation",2017,1459
New York,"Arts, Entertainment, and Recreation",2018,2410
New York,"Arts, Entertainment, and Recreation",2019,2470
New York,"Arts, Entertainment, and Recreation",2020,1626
New York,"Arts, Entertainment, and Recreation",2021,1980
New York,"Arts, Entertainment, and Recreation",2022,2340
New York,Construction,2007,5081
New York,Construction,2008,5090
New York,Construction,2009,4779
New York,Construction,2010,4586
New York,Construction,2011,4662
New York,Construction,2012,4804
New York,Construction,2013,4734
New York,Construction,2014,4775
New York,Construction,2015,4868
New York,Construction,2016,4859
New York,Construction,2017,4957
New York,Construction,2018,5106
New York,Construction,2019,5272
New York,Construction,2020,3967
New York,Construction,2021,4830
New York,Construction,2022,5313
New York,Educational Services,2007,9925
New York,Educational Services,2008,10779
New York,Educational Services,2009,10531
New York,Educational Services,2010,10536
New York,Educational Services,2011,10728
New York,Educational Services,2012,10741
New York,Educational Services,2013,10938
New York,Educational Services,2014,11082
New York,Educational Services,2015,11188
New York,Educational Services,2016,11032
New York,Educational Services,2017,11493
New York,Educational Services,2018,11828
New York,Educational Services,2019,12228
New York,Educational Services,2020,9846
New York,Educational Services,2021,11915
New York,Educational Services,2022,12167
New York,Finance and Insurance,2007,5391
New York,Finance and Insurance,2008,5511
New York,Finance and Insurance,2009,5282
New York,Finance and Insurance,2010,5033
New York,Finance and Insurance,2011,4837
New York,Finance and Insurance,2012,4965
New York,Finance and Insurance,2013,5216
New York,Finance and Insurance,2014,5048
New York,Finance and Insurance,2015,5014
New York,Finance and Insurance,2016,5158
New York,Finance and Insurance,2017,5262
New York,Finance and Insurance,2018,5254
New York,Finance and Insurance,2019,5441
New York,Finance and Insurance,2020,4178
New York,Finance and Insurance,2021,5397
New York,Finance and Insurance,2022,5578
New York,Health Care and Social Assistance,2007,13286
New York,Health Care and Social Assistance,2008,13805
New York,Health Care and Social Assistance,2009,14199
New York,Health Care and Social Assistance,2010,14094
New York,Health Care and Social Assistance,2011,14701
New York,Health Care and Social Assistance,2012,14462
New York,Health Care and Social Assistance,2013,14660
New York,Health Care and Social Assistance,2014,15187
New York,Health Care and Social Assistance,2015,15138
New York,Health Care and Social Assistance,2016,15163
New York,Health Care and Social Assistance,2017,15328
New York,Health Care and Social Assistance,2018,15215
New York,Health Care and Social Assistance,2019,15967
New York,Health Care and Social Assistance,2020,12759
New York,Health Care and Social Assistance,2021,15530
New York,Health Care and Social Assistance,2022,16028
New York,Information,2007,2675
New York,Information,2008,2711
New York,Information,2009,2509
New York,Information,2010,2406
New York,Information,2011,2287
New York,Information,2012,2341
New York,Information,2013,2519
New York,Information,2014,2591
New York,Information,2015,2646
New York,Information,2016,2597
New York,Information,2017,2591
New York,Information,2018,2604
New York,Information,2019,2663
New York,Information,2020,1920
New York,Information,2021,2479
New York,Information,2022,2701
New York,Management of Companies and Enterprises,2007,88
New York,Management of Companies and Enterprises,2008,64
New York,Management of Companies and Enterprises,2009,46
New York,Management of Companies and Enterprises,2010,44
New York,Management of Companies and Enterprises,2011,76
New York,Management of Companies and Enterprises,2012,58
New York,Management of Companies and Enterprises,2013,73
New York,Management of Companies and Enterprises,2014,45
New York,Management of Companies and Enterprises,2015,74
New York,Management of Companies and Enterprises,2016,65
New York,Management of Companies and Enterprises,2017,112
New York,Management of Companies and Enterprises,2018,113
New York,Management of Companies and Enterprises,2019,132
New York,Management of Companies and Enterprises,2020,86
New York,Management of Companies and Enterprises,2021,88
New York,Management of Companies and Enterprises,2022,111
New York,Manufacturing,2007,7327
New York,Manufacturing,2008,7372
New York,Manufacturing,2009,6717
New York,Manufacturing,2010,6466
New York,Manufacturing,2011,6415
New York,Manufacturing,2012,6513
New York,Manufacturing,2013,6624
New York,Manufacturing,2014,6386
New York,Manufacturing,2015,6238
New York,Manufacturing,2016,6129
New York,Manufacturing,2017,6553
New York,Manufacturing,2018,6117
New York,Manufacturing,2019,6254
New York,Manufacturing,2020,4709
New York,Manufacturing,2021,5893
New York,Manufacturing,2022,6283
New York,Military,2007,199
New York,Military,2008,265
New York,Military,2009,258
New York,Military,2010,221
New York,Military,2011,268
New York,Military,2012,309
New York,Military,2013,300
New York,Military,2014,260
New York,Military,2015,276
New York,Military,2016,244
New York,Military,2017,262
New York,Military,2018,253
New York,Military,2019,278
New York,Military,2020,291
New York,Military,2021,299
New York,Military,2022,316
New York,"Mining, Quarrying, and Oil and Gas Extraction",2007,88
New York,"Mining, Quarrying, and Oil and Gas Extraction",2008,86
New York,"Mining, Quarrying, and Oil and Gas Extraction",2009,78
New York,"Mining, Quarrying, and Oil and Gas Extraction",2010,84
New York,"Mining, Quarrying, and Oil and Gas Extraction",2011,98
New York,"Mining, Quarrying, and Oil and Gas Extraction",2012,84
New York,"Mining, Quarrying, and Oil and Gas Extraction",2013,77
New York,"Mining, Quarrying, and Oil and Gas Extraction",2014,91
New York,"Mining, Quarrying, and Oil and Gas Extraction",2015,89
New York,"Mining, Quarrying, and Oil and Gas Extraction",2016,99
New York,"Mining, Quarrying, and Oil and Gas Extraction",2017,81
New York,"Mining, Quarrying, and Oil and Gas Extraction",2018,68
New York,"Mining, Quarrying, and Oil and Gas Extraction",2019,75
New York,"Mining, Quarrying, and Oil and Gas Extraction",2020,63
New York,"Mining, Quarrying, and Oil and Gas Extraction",2021,69
New York,"Mining, Quarrying, and Oil and Gas Extraction",2022,82
New York,"Other Services, Except Public Administration",2007,4020
New York,"Other Services, Except Public Administration",2008,4167
New York,"Other Services, Except Public Administration",2009,4189
New York,"Other Services, Except Public Administration",2010,4235
New York,"Other Services, Except Public Administration",2011,4220
New York,"Other Services, Except Public Administration",2012,4315
New York,"Other Services, Except Public Administration",2013,4440
New York,"Other Services, Except Public Administration",2014,4386
New York,"Other Services, Except Public Administration",2015,4409
New York,"Other Services, Except Public Administration",2016,4428
New York,"Other Services, Except Public Administration",2017,4641
New York,"Other Services, Except Public Administration",2018,4543
New York,"Other Services, Except Public Administration",2019,4263
New York,"Other Services, Except Public Administration",2020,3404
New York,"Other Services, Except Public Administration",2021,4029
New York,"Other Services, Except Public Administration",2022,4572
New York,"Professional, Scientific, and Technical Services",2007,6177
New York,"Professional, Scientific, and Technical Services",2008,6406
New York,"Professional, Scientific, and Technical Services",2009,6150
New York,"Professional, Scientific, and Technical Services",2010,6228
New York,"Professional, Scientific, and Technical Services",2011,6104
New York,"Professional, Scientific, and Technical Services",2012,6252
New York,"Professional, Scientific, and Technical Services",2013,6761
New York,"Professional, Scientific, and Technical Services",2014,6771
New York,"Professional, Scientific, and Technical Services",2015,7055
New York,"Professional, Scientific, and Technical Services",2016,7333
New York,"Professional, Scientific, and Technical Services",2017,7488
New York,"Professional, Scientific, and Technical Services",2018,7905
New York,"Professional, Scientific, and Technical Services",2019,8182
New York,"Professional, Scientific, and Technical Services",2020,6454
New York,"Professional, Scientific, and Technical Services",2021,8300
New York,"Professional, Scientific, and Technical Services",2022,8648
New York,Public Administration,2007,4447
New York,Public Administration,2008,4805
New York,Public Administration,2009,4770
New York,Public Administration,2010,4656
New York,Public Administration,2011,4510
New York,Public Administration,2012,4446
New York,Public Administration,2013,4383
New York,Public Administration,2014,4335
New York,Public Administration,2015,4364
New York,Public Administration,2016,4596
New York,Public Administration,2017,4596
New York,Public Administration,2018,4693
New York,Public Administration,2019,4717
New York,Public Administration,2020,3868
New York,Public Administration,2021,4565
New York,Public Administration,2022,4573
New York,Real Estate and Rental and Leasing,2007,209
New York,Real Estate and Rental and Leasing,2008,189
New York,Real Estate and Rental and Leasing,2009,196
New York,Real Estate and Rental and Leasing,2010,135
New York,Real Estate and Rental and Leasing,2011,116
New York,Real Estate and Rental and Leasing,2012,132
New York,Real Estate and Rental and Leasing,2013,164
New York,Real Estate and Rental and Leasing,2014,162
New York,Real Estate and Rental and Leasing,2015,142
New York,Real Estate and Rental and Leasing,2016,131
New York,Real Estate and Rental and Leasing,2017,157
New York,Real Estate and Rental and Leasing,2018,1977
New York,Real Estate and Rental and Leasing,2019,1967
New York,Real Estate and Rental and Leasing,2020,1507
New York,Real Estate and Rental and Leasing,2021,1750
New York,Real Estate and Rental and Leasing,2022,1876
New York,Retail Trade,2007,8902
New York,Retail Trade,2008,9199
New York,Retail Trade,2009,8870
New York,Retail Trade,2010,9029
New York,Retail Trade,2011,9200
New York,Retail Trade,2012,9451
New York,Retail Trade,2013,9213
New York,Retail Trade,2014,9413
New York,Retail Trade,2015,9176
New York,Retail Trade,2016,9384
New York,Retail Trade,2017,9215
New York,Retail Trade,2018,9121
New York,Retail Trade,2019,9101
New York,Retail Trade,2020,6993
New York,Retail Trade,2021,8836
New York,Retail Trade,2022,9567
New York,Transportation and Warehousing,2007,3826
New York,Transportation and Warehousing,2008,3952
New York,Transportation and Warehousing,2009,3618
New York,Transportation and Warehousing,2010,3689
New York,Transportation and Warehousing,2011,3769
New York,Transportation and Warehousing,2012,3687
New York,Transportation and Warehousing,2013,3727
New York,Transportation and Warehousing,2014,3855
New York,Transportation and Warehousing,2015,4077
New York,Transportation and Warehousing,2016,4069
New York,Transportation and Warehousing,2017,4278
New York,Transportation and Warehousing,2018,4410
New York,Transportation and Warehousing,2019,4405
New York,Transportation and Warehousing,2020,3302
New York,Transportation and Warehousing,2021,3922
New York,Transportation and Warehousing,2022,4402
New York,Unknown,2007,2462
New York,Unknown,2008,2393
New York,Unknown,2009,2437
New York,Unknown,2010,2324
New York,Unknown,2011,2336
New York,Unknown,2012,2339
New York,Unknown,2013,2318
New York,Unknown,2014,2524
New York,Unknown,2015,2507
New York,Unknown,2016,2739
New York,Unknown,2017,2723
New York,Utilities,2007,591
New York,Utilities,2008,584
New York,Utilities,2009,596
New York,Utilities,2010,610
New York,Utilities,2011,584
New York,Utilities,2012,580
New York,Utilities,2013,593
New York,Utilities,2014,632
New York,Utilities,2015,650
New York,Utilities,2016,596
New York,Utilities,2017,618
New York,Utilities,2018,652
New York,Utilities,2019,663
New York,Utilities,2020,516
New York,Utilities,2021,684
New York,Utilities,2022,628
New York,Wholesale Trade,2007,2481
New York,Wholesale Trade,2008,2450
New York,Wholesale Trade,2009,2267
New York,Wholesale Trade,2010,2313
New York,Wholesale Trade,2011,2114
New York,Wholesale Trade,2012,2182
New York,Wholesale Trade,2013,2252
New York,Wholesale Trade,2014,2273
New York,Wholesale Trade,2015,2398
New York,Wholesale Trade,2016,2269
New York,Wholesale Trade,2017,2186
New York,Wholesale Trade,2018,2083
New York,Wholesale Trade,2019,2282
New York,Wholesale Trade,2020,1538
New York,Wholesale Trade,2021,1843
New York,Wholesale Trade,2022,1734
Texas,Accommodation and Food Services,2007,5902
Texas,Accommodation and Food Services,2008,6209
Texas,Accommodation and Food Services,2009,6255
Texas,Accommodation and Food Services,2010,6573
Texas,Accommodation and Food Services,2011,6362
Texas,Accommodation and Food Services,2012,6960
Texas,Accommodation and Food Services,2013,7178
Texas,Accommodation and Food Services,2014,7391
Texas,Accommodation and Food Services,2015,7595
Texas,Accommodation and Food Services,2016,7855
Texas,Accommodation and Food Services,2017,8025
Texas,Accommodation and Food Services,2018,8311
Texas,Accommodation and Food Services,2019,8193
Texas,Accommodation and Food Services,2020,4815
Texas,Accommodation and Food Services,2021,7172
Texas,Accommodation and Food Services,2022,8135
Texas,Administrative and Support and Waste Management Services,2007,4110
Texas,Administrative and Support and Waste Management Services,2008,4258
Texas,Administrative and Support and Waste Management Services,2009,4155
Texas,Administrative and Support and Waste Management Services,2010,4484
Texas,Administrative and Support and Waste Management Services,2011,4357
Texas,Administrative and Support and Waste Management Services,2012,4518
Texas,Administrative and Support and Waste Management Services,2013,4711
Texas,Administrative and Support and Waste Management Services,2014,4665
Texas,Administrative and Support and Waste Management Services,2015,5003
Texas,Administrative and Support and Waste Management Services,2016,4945
Texas,Administrative and Support and Waste Management Services,2017,4939
Texas,Administrative and Support and Waste Management Services,2018,5115
Texas,Administrative and Support and Waste Management Services,2019,5074
Texas,Administrative and Support and Waste Management Services,2020,3084
Texas,Administrative and Support and Waste Management Services,2021,4891
Texas,Administrative and Support and Waste Management Services,2022,5407
Texas,"Agriculture, Forestry, Fishing, and Hunting",2007,1572
Texas,"Agriculture, Forestry, Fishing, and Hunting",2008,1374
Texas,"Agriculture, Forestry, Fishing, and Hunting",2009,1413
Texas,"Agriculture, Forestry, Fishing, and Hunting",2010,1516
Texas,"Agriculture, Forestry, Fishing, and Hunting",2011,1522
Texas,"Agriculture, Forestry, Fishing, and Hunting",2012,1415
Texas,"Agriculture, Forestry, Fishing, and Hunting",2013,1427
Texas,"Agriculture, Forestry, Fishing, and Hunting",2014,1346
Texas,"Agriculture, Forestry, Fishing, and Hunting",2015,1396
Texas,"Agriculture, Forestry, Fishing, and Hunting",2016,1248
Texas,"Agriculture, Forestry, Fishing, and Hunting",2017,1344
Texas,"Agriculture, Forestry, Fishing, and Hunting",2018,1339
Texas,"Agriculture, Forestry, Fishing, and Hunting",2019,1310
Texas,"Agriculture, Forestry, Fishing, and Hunting",2020,844
Texas,"Agriculture, Forestry, Fishing, and Hunting",2021,1099
Texas,"Agriculture, Forestry, Fishing, and Hunting",2022,1326
Texas,"Arts, Entertainment, and Recreation",2007,1076
Texas,"Arts, Entertainment, and Recreation",2008,1067
Texas,"Arts, Entertainment, and Recreation",2009,1083
Texas,"Arts, Entertainment, and Recreation",2010,1153
Texas,"Arts, Entertainment, and Recreation",2011,1122
Texas,"Arts, Entertainment, and Recreation",2012,1159
Texas,"Arts, Entertainment, and Recreation",2013,1271
Texas,"Arts, Entertainment, and Recreation",2014,1257
Texas,"Arts, Entertainment, and Recreation",2015,1199
Texas,"Arts, Entertainment, and Recreation",2016,1376
Texas,"Arts, Entertainment, and Recreation",2017,1445
Texas,"Arts, Entertainment, and Recreation",2018,1927
Texas,"Arts, Entertainment, and Recreation",2019,1981
Texas,"Arts, Entertainment, and Recreation",2020,1190
Texas,"Arts, Entertainment, and Recreation",2021,1552
Texas,"Arts, Entertainment, and Recreation",2022,2151
Texas,Construction,2007,8193
Texas,Construction,2008,8423
Texas,Construction,2009,8182
Texas,Construction,2010,7821
Texas,Construction,2011,7501
Texas,Construction,2012,7852
Texas,Construction,2013,7753
Texas,Construction,2014,8101
Texas,Construction,2015,8401
Texas,Construction,2016,9090
Texas,Construction,2017,9346
Texas,Construction,2018,9554
Texas,Construction,2019,9890
Texas,Construction,2020,6056
Texas,Construction,2021,8979
Texas,Construction,2022,10355
Texas,Educational Services,2007,10940
Texas,Educational Services,2008,11543
Texas,Educational Services,2009,11823
Texas,Educational Services,2010,12136
Texas,Educational Services,2011,11540
Texas,Educational Services,2012,11487
Texas,Educational Services,2013,12061
Texas,Educational Services,2014,12388
Texas,Educational Services,2015,12108
Texas,Educational Services,2016,12987
Texas,Educational Services,2017,12656
Texas,Educational Services,2018,13038
Texas,Educational Services,2019,13643
Texas,Educational Services,2020,8792
Texas,Educational Services,2021,12358
Texas,Educational Services,2022,14468
Texas,Finance and Insurance,2007,5194
Texas,Finance and Insurance,2008,5414
Texas,Finance and Insurance,2009,5306
Texas,Finance and Insurance,2010,5246
Texas,Finance and Insurance,2011,4834
Texas,Finance and Insurance,2012,5170
Texas,Finance and Insurance,2013,5464
Texas,Finance and Insurance,2014,5354
Texas,Finance and Insurance,2015,5536
Texas,Finance and Insurance,2016,5718
Texas,Finance and Insurance,2017,5762
Texas,Finance and Insurance,2018,6048
Texas,Finance and Insurance,2019,6268
Texas,Finance and Insurance,2020,4024
Texas,Finance and Insurance,2021,6092
Texas,Finance and Insurance,2022,7127
Texas,Health Care and Social Assistance,2007,11377
Texas,Health Care and Social Assistance,2008,12083
Texas,Health Care and Social Assistance,2009,12452
Texas,Health Care and Social Assistance,2010,12785
Texas,Health Care and Social Assistance,2011,13029
Texas,Health Care and Social Assistance,2012,13216
Texas,Health Care and Social Assistance,2013,13509
Texas,Health Care and Social Assistance,2014,13875
Texas,Health Care and Social Assistance,2015,14090
Texas,Health Care and Social Assistance,2016,14428
Texas,Health Care and Social Assistance,2017,15265
Texas,Health Care and Social Assistance,2018,15040
Texas,Health Care and Social Assistance,2019,15140
Texas,Health Care and Social Assistance,2020,9546
Texas,Health Care and Social Assistance,2021,14227
Texas,Health Care and Social Assistance,2022,16244
Texas,Information,2007,2467
Texas,Information,2008,2308
Texas,Information,2009,2106
Texas,Information,2010,2041
Texas,Information,2011,1806
Texas,Information,2012,1902
Texas,Information,2013,2073
Texas,Information,2014,2122
Texas,Information,2015,2131
Texas,Information,2016,2220
Texas,Information,2017,2187
Texas,Information,2018,2047
Texas,Information,2019,2032
Texas,Information,2020,1276
Texas,Information,2021,1886
Texas,Information,2022,2237
Texas,Management of Companies and Enterprises,2007,186
Texas,Management of Companies and Enterprises,2008,85
Texas,Management of Companies and Enterprises,2009,103
Texas,Management of Companies and Enterprises,2010,97
Texas,Management of Companies and Enterprises,2011,97
Texas,Management of Companies and Enterprises,2012,98
Texas,Management of Companies and Enterprises,2013,128
Texas,Management of Companies and Enterprises,2014,119
Texas,Management of Companies and Enterprises,2015,158
Texas,Management of Companies and Enterprises,2016,203
Texas,Management of Companies and Enterprises,2017,228
Texas,Management of Companies and Enterprises,2018,245
Texas,Management of Companies and Enterprises,2019,229
Texas,Management of Companies and Enterprises,2020,169
Texas,Management of Companies and Enterprises,2021,204
Texas,Management of Companies and Enterprises,2022,206
Texas,Manufacturing,2007,10631
Texas,Manufacturing,2008,11171
Texas,Manufacturing,2009,10529
Texas,Manufacturing,2010,10440
Texas,Manufacturing,2011,10188
Texas,Manufacturing,2012,10229
Texas,Manufacturing,2013,10720
Texas,Manufacturing,2014,10247
Texas,Manufacturing,2015,10481
Texas,Manufacturing,2016,10207
Texas,Manufacturing,2017,10496
Texas,Manufacturing,2018,10594
Texas,Manufacturing,2019,10911
Texas,Manufacturing,2020,6711
Texas,Manufacturing,2021,10122
Texas,Manufacturing,2022,11535
Texas,Military,2007,876
Texas,Military,2008,1074
Texas,Military,2009,1064
Texas,Military,2010,940
Texas,Military,2011,980
Texas,Military,2012,1025
Texas,Military,2013,921
Texas,Military,2014,913
Texas,Military,2015,916
Texas,Military,2016,865
Texas,Military,2017,847
Texas,Military,2018,823
Texas,Military,2019,942
Texas,Military,2020,746
Texas,Military,2021,1230
Texas,Military,2022,1266
Texas,"Mining, Quarrying, and Oil and Gas Extraction",2007,2000
Texas,"Mining, Quarrying, and Oil and Gas Extraction",2008,2299
Texas,"Mining, Quarrying, and Oil and Gas Extraction",2009,2121
Texas,"Mining, Quarrying, and Oil and Gas Extraction",2010,2129
Texas,"Mining, Quarrying, and Oil and Gas Extraction",2011,2280
Texas,"Mining, Quarrying, and Oil and Gas Extraction",2012,2683
Texas,"Mining, Quarrying, and Oil and Gas Extraction",2013,2809
Texas,"Mining, Quarrying, and Oil and Gas Extraction",2014,3236
Texas,"Mining, Quarrying, and Oil and Gas Extraction",2015,3036
Texas,"Mining, Quarrying, and Oil and Gas Extraction",2016,2479
Texas,"Mining, Quarrying, and Oil and Gas Extraction",2017,2349
Texas,"Mining, Quarrying, and Oil and Gas Extraction",2018,2671
Texas,"Mining, Quarrying, and Oil and Gas Extraction",2019,2744
Texas,"Mining, Quarrying, and Oil and Gas Extraction",2020,1405
Texas,"Mining, Quarrying, and Oil and Gas Extraction",2021,1634
Texas,"Mining, Quarrying, and Oil and Gas Extraction",2022,1978
Texas,"Other Services, Except Public Administration",2007,5265
Texas,"Other Services, Except Public Administration",2008,5466
Texas,"Other Services, Except Public Administration",2009,5504
Texas,"Other Services, Except Public Administration",2010,5604
Texas,"Other Services, Except Public Administration",2011,5843
Texas,"Other Services, Except Public Administration",2012,5587
Texas,"Other Services, Except Public Administration",2013,5967
Texas,"Other Services, Except Public Administration",2014,5972
Texas,"Other Services, Except Public Administration",2015,5851
Texas,"Other Services, Except Public Administration",2016,6268
Texas,"Other Services, Except Public Administration",2017,6267
Texas,"Other Services, Except Public Administration",2018,6390
Texas,"Other Services, Except Public Administration",2019,6547
Texas,"Other Services, Except Public Administration",2020,3914
Texas,"Other Services, Except Public Administration",2021,5813
Texas,"Other Services, Except Public Administration",2022,6543
Texas,"Professional, Scientific, and Technical Services",2007,6558
Texas,"Professional, Scientific, and Technical Services",2008,7090
Texas,"Professional, Scientific, and Technical Services",2009,6935
Texas,"Professional, Scientific, and Technical Services",2010,6875
Texas,"Professional, Scientific, and Technical Services",2011,6376
Texas,"Professional, Scientific, and Technical Services",2012,7101
Texas,"Professional, Scientific, and Technical Services",2013,7557
Texas,"Professional, Scientific, and Technical Services",2014,7886
Texas,"Professional, Scientific, and Technical Services",2015,8171
Texas,"Professional, Scientific, and Technical Services",2016,8443
Texas,"Professional, Scientific, and Technical Services",2017,8849
Texas,"Professional, Scientific, and Technical Services",2018,9309
Texas,"Professional, Scientific, and Technical Services",2019,10008
Texas,"Professional, Scientific, and Technical Services",2020,6482
Texas,"Professional, Scientific, and Technical Services",2021,9645
Texas,"Professional, Scientific, and Technical Services",2022,12140
Texas,Public Administration,2007,4758
Texas,Public Administration,2008,4895
Texas,Public Administration,2009,4948
Texas,Public Administration,2010,5482
Texas,Public Administration,2011,4960
Texas,Public Administration,2012,5164
Texas,Public Administration,2013,5133
Texas,Public Administration,2014,5111
Texas,Public Administration,2015,5057
Texas,Public Administration,2016,4940
Texas,Public Administration,2017,5210
Texas,Public Administration,2018,5258
Texas,Public Administration,2019,5384
Texas,Public Administration,2020,3552
Texas,Public Administration,2021,5092
Texas,Public Administration,2022,5788
Texas,Real Estate and Rental and Leasing,2007,402
Texas,Real Estate and Rental and Leasing,2008,415
Texas,Real Estate and Rental and Leasing,2009,376
Texas,Real Estate and Rental and Leasing,2010,351
Texas,Real Estate and Rental and Leasing,2011,293
Texas,Real Estate and Rental and Leasing,2012,300
Texas,Real Estate and Rental and Leasing,2013,326
Texas,Real Estate and Rental and Leasing,2014,338
Texas,Real Estate and Rental and Leasing,2015,379
Texas,Real Estate and Rental and Leasing,2016,393
Texas,Real Estate and Rental and Leasing,2017,383
Texas,Real Estate and Rental and Leasing,2018,2549
Texas,Real Estate and Rental and Leasing,2019,2688
Texas,Real Estate and Rental and Leasing,2020,1675
Texas,Real Estate and Rental and Leasing,2021,2347
Texas,Real Estate and Rental and Leasing,2022,2749
Texas,Retail Trade,2007,11267
Texas,Retail Trade,2008,12016
Texas,Retail Trade,2009,11879
Texas,Retail Trade,2010,11875
Texas,Retail Trade,2011,11826
Texas,Retail Trade,2012,11956
Texas,Retail Trade,2013,12684
Texas,Retail Trade,2014,12325
Texas,Retail Trade,2015,12991
Texas,Retail Trade,2016,12946
Texas,Retail Trade,2017,13246
Texas,Retail Trade,2018,13251
Texas,Retail Trade,2019,13336
Texas,Retail Trade,2020,8327
Texas,Retail Trade,2021,12596
Texas,Retail Trade,2022,15113
Texas,Transportation and Warehousing,2007,5079
Texas,Transportation and Warehousing,2008,5287
Texas,Transportation and Warehousing,2009,4836
Texas,Transportation and Warehousing,2010,4814
Texas,Transportation and Warehousing,2011,4651
Texas,Transportation and Warehousing,2012,4848
Texas,Transportation and Warehousing,2013,4791
Texas,Transportation and Warehousing,2014,5050
Texas,Transportation and Warehousing,2015,5378
Texas,Transportation and Warehousing,2016,5352
Texas,Transportation and Warehousing,2017,5778
Texas,Transportation and Warehousing,2018,6156
Texas,Transportation and Warehousing,2019,6229
Texas,Transportation and Warehousing,2020,3926
Texas,Transportation and Warehousing,2021,6136
Texas,Transportation and Warehousing,2022,7050
Texas,Unknown,2007,2320
Texas,Unknown,2008,2282
Texas,Unknown,2009,2212
Texas,Unknown,2010,2108
Texas,Unknown,2011,2026
Texas,Unknown,2012,2206
Texas,Unknown,2013,2262
Texas,Unknown,2014,2443
Texas,Unknown,2015,2571
Texas,Unknown,2016,2633
Texas,Unknown,2017,2750
Texas,Utilities,2007,1057
Texas,Utilities,2008,1102
Texas,Utilities,2009,1118
Texas,Utilities,2010,1148
Texas,Utilities,2011,1155
Texas,Utilities,2012,1077
Texas,Utilities,2013,1154
Texas,Utilities,2014,1177
Texas,Utilities,2015,1099
Texas,Utilities,2016,1106
Texas,Utilities,2017,1245
Texas,Utilities,2018,1208
Texas,Utilities,2019,1160
Texas,Utilities,2020,830
Texas,Utilities,2021,1204
Texas,Utilities,2022,1420
Texas,Wholesale Trade,2007,3683
Texas,Wholesale Trade,2008,3738
Texas,Wholesale Trade,2009,3521
Texas,Wholesale Trade,2010,3277
Texas,Wholesale Trade,2011,3159
Texas,Wholesale Trade,2012,2995
Texas,Wholesale Trade,2013,3390
Texas,Wholesale Trade,2014,3547
Texas,Wholesale Trade,2015,3502
Texas,Wholesale Trade,2016,3485
Texas,Wholesale Trade,2017,3457
Texas,Wholesale Trade,2018,3313
Texas,Wholesale Trade,2019,3556
Texas,Wholesale Trade,2020,2107
Texas,Wholesale Trade,2021,2840
Texas,Wholesale Trade,2022,3268
